{
  "Adam 1e-3": 0.23533333837985992,
  "Adam 3e-4": 0.23100000619888306,
  "RMSprop 1e-3": 0.46566668152809143,
  "SGD 1e-2 m=0.9": 0.5450000166893005
}